Neighborhood,Region
Allerton,Bronx
Arden Heights,Staten Island
Arrochar,Staten Island
Arverne,Queens
Astoria,Queens
Bath Beach,Brooklyn
Battery Park City,Manhattan
Bay Ridge,Brooklyn
Bay Terrace,Queens
"Bay Terrace, Staten Island",Staten Island
Baychester,Bronx
Bayside,Queens
Bayswater,Queens
Bedford-Stuyvesant,Brooklyn
Belle Harbor,Queens
Bellerose,Queens
Belmont,Bronx
Bensonhurst,Brooklyn
Bergen Beach,Brooklyn
Boerum Hill,Brooklyn
Borough Park,Brooklyn
Breezy Point,Queens
Briarwood,Queens
Brighton Beach,Brooklyn
Bronxdale,Bronx
Brooklyn Heights,Brooklyn
Brownsville,Brooklyn
Bull's Head,Staten Island
Bushwick,Brooklyn
Cambria Heights,Queens
Canarsie,Brooklyn
Carroll Gardens,Brooklyn
Castle Hill,Bronx
Castleton Corners,Staten Island
Chelsea,Manhattan
"Chelsea, Staten Island",Staten Island
Chinatown,Manhattan
City Island,Bronx
Civic Center,Manhattan
Claremont Village,Bronx
Clason Point,Bronx
Clifton,Staten Island
Clinton Hill,Brooklyn
Co-op City,Bronx
Cobble Hill,Brooklyn
College Point,Queens
Columbia St,Brooklyn
Concord,Staten Island
Concourse,Bronx
Concourse Village,Bronx
Coney Island,Brooklyn
Corona,Queens
Crown Heights,Brooklyn
Cypress Hills,Brooklyn
DUMBO,Brooklyn
Ditmars Steinway,Queens
Dongan Hills,Staten Island
Douglaston,Queens
Downtown Brooklyn,Brooklyn
Dyker Heights,Brooklyn
East Elmhurst,Queens
East Flatbush,Brooklyn
East Harlem,Manhattan
East Morrisania,Bronx
East New York,Brooklyn
East Village,Manhattan
Eastchester,Bronx
Edenwald,Bronx
Edgemere,Queens
Elmhurst,Queens
Eltingville,Staten Island
Emerson Hill,Staten Island
Far Rockaway,Queens
Fieldston,Bronx
Financial District,Manhattan
Flatbush,Brooklyn
Flatiron District,Manhattan
Flatlands,Brooklyn
Flushing,Queens
Fordham,Bronx
Forest Hills,Queens
Fort Greene,Brooklyn
Fort Hamilton,Brooklyn
Fort Wadsworth,Staten Island
Fresh Meadows,Queens
Gerritsen Beach,Brooklyn
Glen Oaks,Queens
Glendale,Queens
Gowanus,Brooklyn
Gramercy,Manhattan
Graniteville,Staten Island
Grant City,Staten Island
Gravesend,Brooklyn
Great Kills,Staten Island
Greenpoint,Brooklyn
Greenwich Village,Manhattan
Grymes Hill,Staten Island
Harlem,Manhattan
Hell's Kitchen,Manhattan
Highbridge,Bronx
Hollis,Queens
Holliswood,Queens
Howard Beach,Queens
Howland Hook,Staten Island
Huguenot,Staten Island
Hunts Point,Bronx
Inwood,Manhattan
Jackson Heights,Queens
Jamaica,Queens
Jamaica Estates,Queens
Jamaica Hills,Queens
Kensington,Brooklyn
Kew Gardens,Queens
Kew Gardens Hills,Queens
Kingsbridge,Bronx
Kips Bay,Manhattan
Laurelton,Queens
Lighthouse Hill,Staten Island
Little Italy,Manhattan
Little Neck,Queens
Long Island City,Queens
Longwood,Bronx
Lower East Side,Manhattan
Manhattan Beach,Brooklyn
Marble Hill,Manhattan
Mariners Harbor,Staten Island
Maspeth,Queens
Melrose,Bronx
Middle Village,Queens
Midland Beach,Staten Island
Midtown,Manhattan
Midwood,Brooklyn
Mill Basin,Brooklyn
Morningside Heights,Manhattan
Morris Heights,Bronx
Morris Park,Bronx
Morrisania,Bronx
Mott Haven,Bronx
Mount Eden,Bronx
Mount Hope,Bronx
Murray Hill,Manhattan
Navy Yard,Brooklyn
Neponsit,Queens
New Brighton,Staten Island
New Dorp,Staten Island
New Dorp Beach,Staten Island
New Springville,Staten Island
NoHo,Manhattan
Nolita,Manhattan
North Riverdale,Bronx
Norwood,Bronx
Oakwood,Staten Island
Olinville,Bronx
Ozone Park,Queens
Park Slope,Brooklyn
Parkchester,Bronx
Pelham Bay,Bronx
Pelham Gardens,Bronx
Port Morris,Bronx
Port Richmond,Staten Island
Prince's Bay,Staten Island
Prospect Heights,Brooklyn
Prospect-Lefferts Gardens,Brooklyn
Queens Village,Queens
Randall Manor,Staten Island
Red Hook,Brooklyn
Rego Park,Queens
Richmond Hill,Queens
Richmondtown,Staten Island
Ridgewood,Queens
Riverdale,Bronx
Rockaway Beach,Queens
Roosevelt Island,Manhattan
Rosebank,Staten Island
Rosedale,Queens
Rossville,Staten Island
Schuylerville,Bronx
Sea Gate,Brooklyn
Sheepshead Bay,Brooklyn
Shore Acres,Staten Island
Silver Lake,Staten Island
SoHo,Manhattan
Soundview,Bronx
South Beach,Staten Island
South Ozone Park,Queens
South Slope,Brooklyn
Springfield Gardens,Queens
Spuyten Duyvil,Bronx
St. Albans,Queens
St. George,Staten Island
Stapleton,Staten Island
Stuyvesant Town,Manhattan
Sunnyside,Queens
Sunset Park,Brooklyn
Theater District,Manhattan
Throgs Neck,Bronx
Todt Hill,Staten Island
Tompkinsville,Staten Island
Tottenville,Staten Island
Tremont,Bronx
Tribeca,Manhattan
Two Bridges,Manhattan
Unionport,Bronx
University Heights,Bronx
Upper East Side,Manhattan
Upper West Side,Manhattan
Van Nest,Bronx
Vinegar Hill,Brooklyn
Wakefield,Bronx
Washington Heights,Manhattan
West Brighton,Staten Island
West Farms,Bronx
West Village,Manhattan
Westchester Square,Bronx
Westerleigh,Staten Island
Whitestone,Queens
Williamsbridge,Bronx
Williamsburg,Brooklyn
Willowbrook,Staten Island
Windsor Terrace,Brooklyn
Woodhaven,Queens
Woodlawn,Bronx
Woodrow,Staten Island
Woodside,Queens
